{"cameraMode":{"drawMode":0,"name":"Shaded","section":"Shading Mode"},"sceneLighting":false,"audioPlay":false,"sceneViewState":{"m_AlwaysRefresh":false,"showFog":true,"showSkybox":false,"showFlares":true,"showImageEffects":true,"showParticleSystems":true,"showVisualEffectGraphs":true,"m_FxEnabled":true},"in2DMode":false,"pivot":{"x":-47.15891647338867,"y":3.439256191253662,"z":-1.5679831504821778},"rotation":{"x":0.000014599381756852381,"y":-0.9993926286697388,"z":-0.0006019024294801056,"w":-0.03569577634334564},"size":4.747781276702881,"orthographic":true}