{"cameraMode":{"drawMode":0,"name":"Shaded","section":"Shading Mode"},"sceneLighting":false,"audioPlay":false,"sceneViewState":{"m_AlwaysRefresh":false,"showFog":true,"showSkybox":false,"showFlares":true,"showImageEffects":true,"showParticleSystems":true,"showVisualEffectGraphs":true,"m_FxEnabled":true},"in2DMode":false,"pivot":{"x":-46.439998626708987,"y":3.140000343322754,"z":-1.1920928955078126e-7},"rotation":{"x":-0.2056279331445694,"y":0.04313874989748001,"z":-0.009073518216609955,"w":-0.9776378273963928},"size":2.1213204860687258,"orthographic":false}