{"cameraMode":{"drawMode":0,"name":"Shaded","section":"Shading Mode"},"sceneLighting":true,"audioPlay":false,"sceneViewState":{"m_AlwaysRefresh":false,"showFog":true,"showSkybox":true,"showFlares":true,"showImageEffects":true,"showParticleSystems":true,"showVisualEffectGraphs":true,"m_FxEnabled":true},"in2DMode":false,"pivot":{"x":-46.439998626708987,"y":3.140000343322754,"z":-1.1920928955078126e-7},"rotation":{"x":0.10331486165523529,"y":0.0029839419294148685,"z":-0.0003099455498158932,"w":0.9946442246437073},"size":5.020236015319824,"orthographic":false}